Title,Year,Summary,Genre
Stree 2,2024,"Stree 2: Sarkate Ka Aatank (transl. Stree 2: Terror of the Headless) is a 2024 Indian Hindi-language comedy horror film directed by Amar Kaushik, written by Niren Bhatt and produced jointly by Maddock Films and Jio Studios.","comedy, horror"
Bhool Bhulaiyaa 3,2024,"Bhool Bhulaiyaa 3 (transl. Labyrinth 3) is a 2024 Indian Hindi-language Horror Comedy film directed by Anees Bazmee, written by Aakash Kaushik, and produced by T-Series Films and Cine1 Studios.","comedy, horror"
Singham Again,2024,"Singham Again is a 2024 Indian Hindi-language action film written and directed by Rohit Shetty, who also co-produced it under Rohit Shetty Picturez, alongside Reliance Entertainment, Jio Studios and Devgn Films.",action
Fighter,2024,"Fighter is a 2024 Indian Hindi-language aerial action film directed by Siddharth Anand, based on a story he wrote with Ramon Chibb.",action
Shaitaan,2024,"Shaitaan (transl. Devil) is a 2024 Indian Hindi-language supernatural horror film directed by Vikas Bahl and produced by Devgn Films, Jio Studios, and Panorama Studios.",horror
Crew,2024,Crew is a 2024 Indian Hindi-language heist comedy film directed by Rajesh A Krishnan and written by Nidhi Mehra and Mehul Suri.,comedy
Teri Baaton Mein Aisa Uljha Jiya,2024,Teri Baaton Mein Aisa Uljha Jiya (transl. Got so entangled in your words) is a 2024 Indian Hindi-language science fiction romantic comedy film starring Shahid Kapoor and Kriti Sanon.,"comedy, romantic, science fiction"
Munjya,2024,"Munjya is a 2024 Indian Hindi-language comedy horror film directed by Aditya Sarpotdar and starring Abhay Verma, Sharvari, Sathyaraj and Mona Singh.","comedy, horror"
Bad Newz,2024,Bad Newz is a 2024 Indian Hindi-language comedy film directed by Anand Tiwari.,"comedy, war"
Article 370,2024,"Article 370 is a 2024 Indian Hindi-language political action thriller film directed by Aditya Suhas Jambhale, who co-wrote the film with Aditya Dhar, Jambhale, Monal Thaakar and Arjun Dhawan.","action, thriller, political"
Tauba Tera Jalwa,2024,Tauba Tera Jalwa is a 2024 Hindi-language romantic comedy film written and directed by Akashaditya Lama and produced by Naresh Bansal and Madanlal Khurana under Shreeram Productions and Victorious Enterprises.,"comedy, romantic"
Merry Christmas,2024,Merry Christmas is a 2024 Indian mystery thriller film directed by Sriram Raghavan and produced by Tips Films together with Matchbox Pictures.,"thriller, mystery"
Main Atal Hoon,2024,Main Atal Hoon (stylised as Main ATAL Hoon) is a 2024 Hindi language biographical film directed by Ravi Jadhav and written by Rishi Virmani.,biographical
Fighter,2024,"Fighter is a 2024 Indian Hindi-language aerial action film directed by Siddharth Anand, based on a story he wrote with Ramon Chibb.",action
Teri Baaton Mein Aisa Uljha Jiya,2024,Teri Baaton Mein Aisa Uljha Jiya (transl. Got so entangled in your words) is a 2024 Indian Hindi-language science fiction romantic comedy film starring Shahid Kapoor and Kriti Sanon.,"comedy, romantic, science fiction"
Bhakshak,2024,Bhakshak (transl. Devourer) is a 2024 Indian Hindi language crime thriller film based on the Muzaffarpur shelter case.,"thriller, crime"
Lantrani,2024,"Lantrani is a 2024 Indian Hindi-language anthology comedy drama directed by Gurvinder Singh, Kaushik Ganguly, and Bhaskar Hazarika and written by Durgesh Singh.","drama, comedy, anthology"
Mirg,2024,Mirg is a 2024 Indian Hindi-language action film directed and written by Tarun Sharma.,action
Dashmi,2024,"Dashmi is 2024 Indian Hindi-language drama thriller film written and directed by Shantanu Anant Tambe and produced by Sarika Vinod Tambe, Bharani Rang, Sanjana Vinod Tambe.","drama, thriller"
Kuch Khattaa Ho Jaay,2024,Kuch Khattaa Ho Jaay (transl. Let's get something sour) is a 2024 Indian Hindi-language romantic comedy directed by G.,"comedy, romantic"
Crakk,2024,Crakk also known as Crakk - Jeetegaa Toh Jiyegaa! is a 2024 Indian Hindi-language sports action film directed by Aditya Datt and produced by Vidyut Jammwal and Abbas Sayyed under Action Hero Films.,"action, sports"
Article 370,2024,"Article 370 is a 2024 Indian Hindi-language political action thriller film directed by Aditya Suhas Jambhale, who co-wrote the film with Aditya Dhar, Jambhale, Monal Thaakar and Arjun Dhawan.","action, thriller, political"
All India Rank,2024,All India Rank is a 2023 Indian Hindi-language coming of age comedy drama film directed and written by Varun Grover and produced by Matchbox Shots.,"drama, comedy"
Chote Nawab,2024,Chote Nawab (transl. Little Prince) is a 2024 Indian Hindi-language drama film directed by Kumud Chaudhary.,drama
Laapataa Ladies,2024,"Laapataa Ladies, released internationally as Lost Ladies, is a 2023 Indian Hindi-language comedy-drama film directed by Kiran Rao, and produced by Rao, Aamir Khan, and Jyoti Deshpande.","drama, comedy"
Dange,2024,Dange (transl. Rioting) / Por (transl. War) is a 2024 Indian action drama film directed by Bejoy Nambiar.,"action, drama, war"
Operation Valentine,2024,"Operation Valentine is a 2024 Indian action drama film based on the 2019 Pulwama Attack and the retaliatory Balakot Air Strikes of 2019 by the Indian Air Force directed by Shakti Pratap Singh Hada, in his directorial debut, and produced by Sony Pictures and Sandeep Mudda, with co-production by God Bless Entertainment and Nandkumar Abbineni.","action, drama"
Kaagaz 2,2024,Kaagaz 2 is a 2024 Indian Hindi language courtroom drama film written and directed by V.,drama
Fairy Folk,2024,"Fairy Folk is a 2024 Hindi-language fantasy drama film written and directed by Karan Gour and produced by Annukampa Harsh, Siddharth Bhatia, Karan Gour, and Tejash Shah.","drama, fantasy"
Shaitaan,2024,"Shaitaan (transl. Devil) is a 2024 Indian Hindi-language supernatural horror film directed by Vikas Bahl and produced by Devgn Films, Jio Studios, and Panorama Studios.",horror
Tera Kya Hoga Lovely,2024,Tera Kya Hoga Lovely is a 2024 Indian Hindi-language social comedy film directed by Balwinder Singh Janjua and produced by Sony Pictures Films India.,comedy
Alpha Beta Gamma,2024,"Alpha Beta Gamma is a 2021 Indian Hindi-language romantic comedy film directed by debutant director Shankar Srikumar and starring Nishan, Amit Kumar Vashisth, and Reena Aggarwal.","comedy, romantic"
Yodha,2024,"Yodha (transl. Warrior) is a 2024 Indian Hindi-language action thriller film directed by Sagar Ambre and Pushkar Ojha, written by Ambre, and produced by Amazon Prime Video, Dharma Productions and Mentor Disciple Entertainment.","action, thriller, war"
Bastar: The Naxal Story,2024,Bastar: The Naxal Story is a 2024 Indian Hindi-language political thriller film directed by Sudipto Sen and produced by Vipul Amrutlal Shah.,"thriller, political"
Murder Mubarak,2024,Murder Mubarak (transl. Congratulations on Murder) is a 2024 Indian Hindi-language mystery thriller film based on the novel Club You To Death written by Anuja Chauhan.,"thriller, mystery"
Ae Watan Mere Watan,2024,"Ae Watan Mere Watan (transl. Oh Country My Country) is a 2024 Hindi-language historical biographical film about India's struggle for freedom in 1942, based on the life of Usha Mehta, a brave young girl who starts an underground radio station to spread the message of unity, setting off a thrilling chase with the British authorities during the Quit India movement.","biographical, historical"
Madgaon Express,2024,"Madgaon Express is a 2024 Hindi-language dark comedy film written and directed by Kunal Khemu, in his directorial debut, and produced by Excel Entertainment.",comedy
Swatantrya Veer Savarkar,2024,Swatantrya Veer Savarkar is a 2024 Indian Hindi-language film on the life of Vinayak Damodar Savarkar.,Unknown
Crew,2024,Crew is a 2024 Indian Hindi-language heist comedy film directed by Rajesh A Krishnan and written by Nidhi Mehra and Mehul Suri.,comedy
Woh Bhi Din The,2024,"Woh Bhi Din The is a 2024 Hindi-language coming of age romantic comedy film written by Sajid Ali, Saurabh Swamy and directed by Sajid Ali.","comedy, romantic"
Patna Shuklla,2024,Patna Shuklla is a 2024 Indian Hindi-language legal drama film directed by Vivek Budakoti and produced by Arbaaz Khan for Disney+ Hotstar.,drama
Bengal 1947,2024,Bengal 1947: An Untold Love Story is a 2024 Hindi-language romantic drama film written and directed by Akashaditya Lama and produced by Satish Pande and Rishabh Pande under the banner of Comfed Productions and Think Tank Global.,"drama, romantic"
Dukaan,2024,"Dukaan is a 2024 Hindi-language comedy drama film written and directed by Siddharth Singh and Garima Wahal, and produced by S K Ahluwalia, Siddharth Singh, Garima Wahal, and Srujan Yarabolu, under the banner of Waveband Productions and Kalamkaar Picture Productions.","drama, comedy"
Bade Miyan Chote Miyan,2024,Bade Miyan Chote Miyan (transl. Big Mister and Little Mister) is a 2024 Indian Hindi-language science fiction action film directed by Ali Abbas Zafar and produced by Pooja Entertainment and AAZ Films.,"action, science fiction"
Maidaan,2024,"Maidaan (transl. Field) is a 2024 Indian Hindi-language biographical sports drama film co-written and directed by Amit Ravindernath Sharma and produced by Akash Chawla, Arunava Joy Sengupta, Boney Kapoor and Zee Studios.","drama, biographical, sports"
Amar Singh Chamkila,2024,Amar Singh Chamkila is a 2024 Indian Hindi-language biographical drama film based on the life of musician Amar Singh Chamkila.,"drama, biographical"
Ameena,2024,Ameena is an Indian Hindi-language drama action thriller film directed by Kumar Raj and starring Rekha Rana and Anant Mahadevan.,"action, drama, thriller"
Gauraiya Live,2024,"Gauraiya Live is a 2024 Hindi-language drama film directed by Gabriel Vats and produced by Rahul Rangare, Dr. Nishant Jain, Rohit Raj Singh Chouhan and Rajeev Jain under the banner of Rare Films and Tea and Poetry Films.",drama
Silence 2: The Night Owl Bar Shootout,2024,"Silence 2: The Night Owl Bar Shootout is a 2024 Indian Hindi-language mystery thriller film directed by Aban Bharucha Deohans, starring Manoj Bajpayee, Prachi Desai and Parul Gulati (in her Hindi film debut) in lead roles.","thriller, mystery"
Love Sex Aur Dhokha 2,2024,"Love Sex Aur Dhokha 2 (LSD 2) is a 2024 Hindi-language anthology drama film written by Dibakar Banerjee, Shubham, Prateek Vats, and directed by Dibakar Banerjee.","drama, anthology"
Do Aur Do Pyaar,2024,Do Aur Do Pyaar (transl. Two Plus Two Equals Love) is a 2024 Indian Hindi-language romantic comedy film directed by Shirsha Guha Thakurta in her directorial debut.,"comedy, romantic"
Kaam Chalu Hai,2024,"Kaam Chalu Hai (transl. Work is in progress) is a 2024 Indian Hindi-language drama film written and directed by Palash Muchhal, starring Rajpal Yadav, Giaa Manek, and Kurangi Nagraj in the leading roles.",drama
[57],2024,Summary not available,Unknown
Luv You Shankar,2024,Luv You Shankar is a 2024 Indian Hindi-language mythological animated drama film directed by Rajiv S.,drama
The Legacy of Jineshwar,2024,No Wikipedia page available,Unknown
Ruslaan,2024,Ruslaan is a 2024 Indian Hindi-language action film directed by Karan Lalit Butani and produced by Rudrapati Ramana Rao and K.,action
Main Ladega,2024,Main Ladega is a 2024 Hindi-language sport drama film written by Akash Pratap Singh and directed by Gaurav Rana.,drama
Srikanth,2024,"Srikanth is a 2024 Indian Hindi-language biographical film on the life of Srikanth Bolla, a visually-impaired industrialist and the founder of Bollant Industries.",biographical
Tipppsy,2024,Tipppsy (or Tipsy) is a 2024 Indian Hindi-language drama thriller film directed by Deepak Tijori and produced by Raju Chadha.,"drama, thriller"
Kartam Bhugtam,2024,"Kartam Bhugtam is an Indian Hindi-language psychological thriller film, written and directed by Soham P.","thriller, psychological"
Bhaiyya Ji,2024,"Bhaiyaa Ji is a 2024 Indian Hindi-language action thriller film written by Apoorv Singh Karki, who co-wrote it with Deepak Kingrani.","action, thriller"
Mr. & Mrs. Mahi,2024,Mr. & Mrs. Mahi is a 2024 Hindi-language romantic sports drama film directed by Sharan Sharma and produced by Zee Studios and Dharma Productions.,"drama, romantic, sports"
Savi,2024,"Savi is a 2024 Indian Hindi-language action thriller film directed by Abhinay Deo and produced by Mukesh Bhatt, Bhushan Kumar and Krishan Kumar under the banner of Vishesh Films and T-Series Films.","action, thriller"
Chhota Bheem and the Curse of Damyaan,2024,"Chhota Bheem and the Curse of Damyaan is a 2024 Indian Hindi-language children's fantasy action adventure film co-produced and directed by Rajiv Chilaka, written by Niraj Vikram and Sridisha Dilip and produced by Green Gold Studios.","action, fantasy, adventure"
Dedh Bigha Zameen,2024,Dedh Bigha Zameen (transl. One and a half bighas of land) is a 2024 Indian Hindi-language drama film written and directed by Pulkit and produced by Karma Media And Entertainment.,drama
House of Lies,2024,No Wikipedia page available,Unknown
Malhar,2024,"Malhar is an Indian bilingual drama film released in Hindi and Marathi languages directed by Vishal Kumbhar and starring Srinivas Pokale, Sharib Hashmi, Anjali Patil, Rishi Saxena, Vinayak Potdar, Mohammed Samad, and Akshata Acharya.",drama
Bajrang Aur Ali,2024,"Bajrang Aur Ali is a 2024 Indian Hindi-language Social Drama film written and directed by Jaiveer and produced by Suresh Sharma, under UtterUp Films.",drama
Blackout,2024,Blackout is a 2024 Hindi-language comedy thriller film directed by Devang Shashin Bhavsar and produced by Jyoti Deshpande and Niraj Kothari.,"comedy, thriller"
Munjya,2024,"Munjya is a 2024 Indian Hindi-language comedy horror film directed by Aditya Sarpotdar and starring Abhay Verma, Sharvari, Sathyaraj and Mona Singh.","comedy, horror"
Avinash Dhyani,2024,"Avinash Dhyani (born 22 May 1987) is an Indian actor, film director, and writer ,working in the Hindi film industry..",Unknown
Chandu Champion,2024,"Chandu Champion is a 2024 Indian Hindi-language biographical sports drama film written and directed by Kabir Khan and produced by Sajid Nadiadwala, under Nadiadwala Grandson Entertainment.","drama, biographical, sports"
Manihar,2024,"Manihar (English: The Bangle Seller) is a 2024 Indian Hindi-language film, written and directed by Sanjeev Kumar Rajput.",Unknown
Luv Ki Arrange Marriage,2024,Luv Ki Arrange Marriage (transl. Luv's Arranged Marriage) is a 2024 Indian Hindi-language romantic comedy-drama film directed by Ishrat R.,"drama, comedy, romantic"
Ishq Vishk Rebound,2024,Ishq Vishk Rebound is a 2024 Indian Hindi-language romantic comedy-drama film directed by Nipun Dharmadhikari and produced by Ramesh Taurani and Jaya Taurani under Tips Films.,"drama, comedy, romantic"
Maharaj,2024,Maharaj is a 2024 Indian Hindi-language historical drama film directed by Siddharth P.,"drama, historical"
Hamare Baarah,2024,"Hamare Baarah[a] is an Indian Hindi-language drama film directed by Kamal Chandra and produced by Radhika G Film & Newtech Media Entertainment, along with producers Ravi S.",drama
Hemant Pandey,2024,"Hemant Pandey is an Indian film, theatre and television actor, known for his role as Pandeyji in the series Office Office..",Unknown
Jahangir National University,2024,Jahangir National University is a 2024 Indian Hindi-language political drama film directed by Vinay Sharma and produced by Pratima Datta under the banner of Mahakaal Movies Pvt.,"drama, political"
Rautu Ka Raaz,2024,"Rautu Ka Raaz is a 2024 Indian Hindi-language mystery film directed by Anand Surapur and produced by Zee Studios along with Umesh Kr Bansal, Anand Surapur and Chintu Srivastava.",mystery
Sharmajee Ki Beti,2024,"Sharmajee Ki Beti is a 2024 Hindi-language comedy, drama film written and directed by Tahira Kashyap Khurrana, in her directorial debut, under Applause Entertainment and Ellipsis Entertainment, for Amazon Prime Video.","drama, comedy"
Kooki,2024,"Kooki is a 2024 Indian Hindi-language drama film produced by Niri Media Opc Private Limited and starring Ritisha Khaund, Rajesh Tailang, Dipannita Sharma, Devoleena Bhattacharjee and Ritu Shivpuri..",drama
Kill,2024,Summary not available,Unknown
Wild Wild Punjab,2024,Wild Wild Punjab is a 2024 Indian Hindi-language comedy film directed by Simarpreet Singh.,comedy
Sarfira,2024,"Sarfira (transl. Crazy) is a 2024 Indian Hindi-language drama film directed by Sudha Kongara and produced by 2D Entertainment, Abundantia Entertainment and Cape Of Good Films starring Akshay Kumar, Paresh Rawal and Radhika Madan.",drama
Kakuda,2024,"Kakuda is a 2024 Hindi-language comedy horror film directed by Aditya Sarpotdar and produced by Ronnie Screwvala, under RSVP Movies.","comedy, horror"
Bad Newz,2024,Bad Newz is a 2024 Indian Hindi-language comedy film directed by Anand Tiwari.,"comedy, war"
Accident or Conspiracy: Godhra,2024,Accident or Conspiracy: Godhra is a 2024 Indian Hindi-language drama film produced under the banner of OM Trinetra Films and Artverse Studios directed by M.K Shivaaksh.,drama
Bloody Ishq,2024,Bloody Ishq (transl. Bloody Love) is a 2024 Indian Hindi-language horror thriller film directed by Vikram Bhatt and written by Mahesh Bhatt.,"thriller, horror"
Mimoh Chakraborty,2024,"Mahaakshay Chakraborty (born 30 July 1984), also known as Mimoh Chakraborty and Mimoh, is an Indian actor who works in Hindi films.",Unknown
Auron Mein Kahan Dum Tha,2024,Auron Mein Kahan Dum Tha[a] is a 2024 Indian Hindi-language romantic thriller film written and directed by Neeraj Pandey.,"thriller, romantic"
Ulajh,2024,Ulajh (transl. Entangle) is a 2024 Indian Hindi-language spy thriller film directed by Sudhanshu Saria and produced by Junglee Pictures.,thriller
Aliya Basu Gayab Hai,2024,Aliya Basu Gayab Hai is a 2024 Indian Hindi -language film directed by Preeti Singh and produced by Rehab Pictures Private Limited.,Unknown
Phir Aayi Hasseen Dillruba,2024,Phir Aayi Hasseen Dillruba (transl. 'Beautiful beloved is back') is a 2024 Indian Hindi-language romantic thriller film directed by Jayprad Desai and written by Kanika Dhillon.,"thriller, romantic"
Ghudchadi,2024,Ghudchadi (transl. Horse Riding) is a 2024 Indian Hindi-language romantic comedy film directed by Binoy Gandhi and written by Deepak Kapur Bhardwaj.,"comedy, romantic"
Ghuspaithiya,2024,Ghuspaithiya (transl. The Intruder) is a 2024 Indian Hindi-language crime drama film written and directed by Susi Ganesan.,"drama, crime"
Khel Khel Mein,2024,Khel Khel Mein (transl. All in fun and games) is a 2024 Indian Hindi-language comedy drama film written and directed by Mudassar Aziz.,"drama, comedy"
Vedaa,2024,Vedaa is a 2024 Indian Hindi-language action drama film directed by Nikkhil Advani and written by Aseem Arora.,"action, drama"
Stree 2,2024,"Stree 2: Sarkate Ka Aatank (transl. Stree 2: Terror of the Headless) is a 2024 Indian Hindi-language comedy horror film directed by Amar Kaushik, written by Niren Bhatt and produced jointly by Maddock Films and Jio Studios.","comedy, horror"
Tikdam,2024,Tikdam (transl. Trickeries) is a 2024 Indian Hindi-language film directed by Vivek Anchalia.,Unknown
A Wedding Story,2024,A Wedding Story is an Indian Hindi-language supernatural horror film directed by Abhnav Pareek.,horror
Pad Gaye Pange,2024,"Pad Gaye Pange is a 2024 Indian Hindi-language comedy film directed by Santosh Kumar, featuring Samarpan Singh, Rajesh Sharma, Faisal Malik, Rajpal Yadav and Rrajesh Yadav..",comedy
Visfot,2024,Visfot (transl. Explosion) is a 2024 Indian Hindi-language crime thriller film written by Abbas Dalal and Hussain Dalal and directed by Kookie Gulati and produced by Sanjay Gupta and Anuradha Gupta under the banner of White Feather Films.,"thriller, crime"
The Buckingham Murders,2024,The Buckingham Murders is a 2023 Indian crime thriller film directed by Hansal Mehta and starring Kareena Kapoor Khan as a grieving British-Indian detective who is assigned the case of a murdered child in Buckinghamshire.,"thriller, crime"
Sector 36,2024,Sector 36 is 2024 Indian Hindi-language crime thriller film directed by Aditya Nimbalkar and written by Bodhayan Roychaudhury.,"thriller, crime"
Berlin,2024,"Berlin is a 2023 Indian Hindi-language spy thriller film written and directed by Atul Sabharwal, produced by Zee Studios and Yippie Ki Yay Motion Pictures.",thriller
Adbhut,2024,Adbhut is an Indian Hindi-language supernatural horror film written and directed by Sabbir Khan.,horror
Kahan Shuru Kahan Khatam,2024,"Kahan Shuru Kahan Khatam (transl. Where does it begin, where does it end?) is a 2024 Indian Hindi-language romantic comedy film, written by Laxman Utekar and Rishi Virmani, and directed by Saurabh Dasgupta.","comedy, romantic"
Yudhra,2024,Yudhra is a 2024 Indian Hindi-language action thriller film directed by Ravi Udyawar and produced by Excel Entertainment.,"action, thriller, war"
Nasha Jurm Aur Gangsters,2024,This is a list of Hindi cinema films released in 2024..,Unknown
Jo Tera Hai Woh Mera Hai,2024,Jo Tera Hai Woh Mera Hai (transl. What's Yours Is Mine) is a 2024 Indian Hindi-language comedy drama film directed by Raj Trivedi and written by Aditya Rawal.,"drama, comedy"
"Love, Sitara",2024,"Love, Sitara is a 2024 Indian Hindi-language drama film directed by Vandana Kataria.",drama
Binny And Family,2024,"Binny and Family is a 2024 Hindi-language film directed by Ssanjay Tripaathy and produced by Balaji Motion Pictures, Mahaveer Jain Films and Waveband Productions.",family
CTRL,2024,"CTRL is a 2024 Indian Hindi-language screenlife thriller film directed by Vikramaditya Motwane, written by Motwane and Avinash Sampath with dialogues by Sumukhi Suresh.",thriller
Amar Prem Ki Prem Kahani,2024,"Amar Prem Ki Prem Kahani (transl. Amar Prem's Love Story), is a 2024 Indian Hindi-language drama film directed by Hardik Gajjar and written by Rupinder Inderjit.",drama
The Signature,2024,The Signature is a 2024 Hindi-language drama film directed by Gajendra Ahire and produced by K.,drama
Jigra,2024,"Jigra (transl. Courage) is a 2024 Indian Hindi-language action thriller film directed by Vasan Bala, who also co-wrote it with Debashish Irengbam.","action, thriller"
Vicky Vidya Ka Woh Wala Video,2024,Vicky Vidya Ka Woh Wala Video[a] is a 2024 Indian Hindi-language comedy film starring Rajkummar Rao and Triptii Dimri as the titular couple in pursuit of their missing sex tape.,comedy
Aayushmati Geeta Matric Pass,2024,"Aayushmati Geeta Matric Pass is an Indian family drama film starring Kashika Kapoor, Anuj Saini, Alka Amin and Atul Srivastav.","drama, family"
Do Patti,2024,"Do Patti (transl. Two Cards) is a 2024 Indian Hindi-language drama thriller film directed by debutante Shashanka Chaturvedi and written by Kanika Dhillon, who makes her production debut under her venture Kathha Pictures alongside actress Kriti Sanon in her production debut under her venture Blue Butterfly Films.","drama, thriller"
Bandaa Singh Chaudhary,2024,Bandaa Singh Chaudhary is a 2024 Indian Hindi-language action drama film directed by Abhishek Saxena and produced by Arbaaz Khan.,"action, drama"
The Miranda Brothers,2024,The Miranda Brothers is a 2024 Indian Hindi-language sports drama film directed and written by Sanjay Gupta.,"drama, sports"
Navras Katha Collage,2024,Navras Katha Collage is a 2024 Indian Hindi-language drama film written and directed by Praveen Hingonia.,drama
Bhool Bhulaiyaa 3,2024,"Bhool Bhulaiyaa 3 (transl. Labyrinth 3) is a 2024 Indian Hindi-language Horror Comedy film directed by Anees Bazmee, written by Aakash Kaushik, and produced by T-Series Films and Cine1 Studios.","comedy, horror"
Singham Again,2024,"Singham Again is a 2024 Indian Hindi-language action film written and directed by Rohit Shetty, who also co-produced it under Rohit Shetty Picturez, alongside Reliance Entertainment, Jio Studios and Devgn Films.",action
Vijay 69,2024,Vijay 69 is a 2024 Indian Hindi-language drama film directed by Akshay Roy starring Anupam Kher in the titular role alongside Chunky Pandey and Mihir Ahuja.,drama
Isha Talwar,2024,Isha Talwar (born 22 December 1987) is an Indian actress who predominantly works in Malayalam and Hindi films.,war
Khwaabon Ka Jhamela,2024,Khwaabon Ka Jhamela (transl. The Trouble Of Dreams) is a 2024 Indian Hindi-language romantic comedy film directed and written by Danish Aslam.,"comedy, romantic"
The Sabarmati Report,2024,"The Sabarmati Report is a 2024 Indian Hindi-language political drama film, based on true events, written by Avinash and Arjun of a story by Aseem Arrora with direction by Ranjan Chandel, later replaced by Dheeraj Sarna.","drama, political"
Naam,2024,Naam - The Missing Identity (also known as 'Benaam) is a 2024 Indian Hindi-language action thriller film co-written and directed by Anees Bazmee and produced by Anil Roongta.,"action, thriller"
I Want to Talk,2024,"I Want to Talk is a 2024 Indian Hindi-language drama film directed by Shoojit Sircar, written by Ritesh Shah and produced by Rising Sun Films and Kino Works.",drama
Sikandar Ka Muqaddar,2024,"Sikandar Ka Muqaddar (transl. The Fate of Sikandar) is a 2024 Indian Hindi-language heist thriller film directed by Neeraj Pandey, starring Jimmy Sheirgill, Avinash Tiwary, Tamannaah Bhatia, Rajeev Mehta and Divya Dutta.","thriller, war"
Agni,2024,Agni is a 2024 Indian Hindi-language action thriller written and directed by Rahul Dholakia.,"action, thriller"
Zero Se Restart,2024,Zero se Restart is an Indian Hindi-language Drama film.,drama
Despatch,2024,Despatch is an Indian Hindi-language crime drama film directed by Kanu Behl.,"drama, crime"
Vanvaas,2024,Vanvaas (lit. Exile) is a 2024 Indian Hindi-language family drama film directed by Anil Sharma.,"drama, family"
Sharmila Tagore,2024,"Sharmila Tagore (Bengali: [ʃɔɾˈmila ˈʈʰakuɾ] ⓘ; born 8 December 1944) also known by her married name Begum Ayesha Sultana, is an Indian actress primarily known for her work in Hindi and Bengali films.",Unknown
Baby John,2024,Baby John is a 2024 Indian Hindi-language action thriller film directed by Kalees.,"action, thriller"
Kisko Tha Pata,2024,No Wikipedia page available,Unknown
Chhaava,2025,"Chhaava (transl. Lion cub) is a 2025 Indian Hindi-language historical action film based on the life of Sambhaji Maharaj, the second ruler of the Maratha Empire, who is played by Vicky Kaushal.","action, historical"
Raid 2,2025,Raid 2 is a 2025 Indian Hindi-language crime thriller film directed by Raj Kumar Gupta.,"thriller, crime"
Sikandar,2025,Sikandar is a 2025 Indian Hindi-language action drama film written and directed by A.,"action, drama"
Sky Force,2025,Sky Force is a 2025 Indian Hindi-language action drama film centred around India's first airstrike at the Sargodha airbase of Pakistan in the Indo-Pakistani air war of 1965.,"action, drama, war"
Kesari Chapter 2,2025,"Kesari Chapter 2: The Untold Story of Jallianwala Bagh is a 2025 Indian Hindi-language historical courtroom drama film directed by Karan Singh Tyagi and produced by Dharma Productions, Leo Media Collective, and Cape of Good Films.","drama, historical"
Jaat,2025,"Jaat is a 2025 Indian Hindi-language action thriller film written and directed by Gopichand Malineni (in his Hindi film debut), and produced by Mythri Movie Makers and People Media Factory.","action, thriller"
Bhool Chuk Maaf,2025,"Bhool Chuk Maaf (transl. Forgive my mistakes) is a 2025 Indian Hindi-language fantasy romantic comedy film written and directed by Karan Sharma, and produced by Dinesh Vijan under Maddock Films, in association with Amazon MGM Studios.","comedy, romantic, fantasy"
Housefull 5,2025,"Housefull 5 is a 2025 Hindi-language Indian comedy thriller film co-written and directed by Tarun Mansukhani and produced by Sajid Nadiadwala, Warda Nadiadwala and Firuzi Khan under production banner Nadiadwala Grandson Entertainment.","comedy, thriller, war"
The Diplomat,2025,The Diplomat is a 2025 Indian Hindi-language political thriller film directed by Shivam Nair and written by Ritesh Shah.,"thriller, political"
Deva,2025,"Deva is a 2025 Indian Hindi-language action thriller film directed by Rosshan Andrrews, and produced by Siddharth Roy Kapur under Roy Kapur Films.","action, thriller"
The Rabbit House,2025,The Rabbit House is a 2025 Indian Hindi-language thriller suspense film written and directed by Vaibhav Kulkarni.,thriller
Fateh,2025,Fateh is a 2025 Indian action thriller film written and directed by Sonu Sood in his directorial debut.,"action, thriller"
Match Fixing,2025,Match Fixing: The Nation At Stake is an Indian Hindi-language political thriller film directed by Kedar Gaekwad and produced by Pallavi Gurjar under ArtArena Creations Pvt.,"thriller, political"
Emergency,2025,"Emergency is a 2025 Indian Hindi-language historical biographical drama film directed and co-produced by Kangana Ranaut, based on a screenplay by Ritesh Shah and story written by Ranaut.","drama, biographical, historical"
Azaad,2025,Azaad (transl. Free) is a 2025 Indian Hindi-language period action drama film directed by Abhishek Kapoor and produced by Ronnie Screwvala and Pragya Kapoor.,"action, drama"
Mission Grey House,2025,Mission Grey House is a 2025 Indian suspense thriller film released in theatres on 17 January 2025..,thriller
Hisaab Barabar,2025,Hisaab Barabar is a 2024 Indian Hindi-language satirical thriller film written and directed by Ashwni Dhir.,thriller
Sky Force,2025,Sky Force is a 2025 Indian Hindi-language action drama film centred around India's first airstrike at the Sargodha airbase of Pakistan in the Indo-Pakistani air war of 1965.,"action, drama, war"
Sweet Dreams,2025,Sweet Dreams is a 2025 Indian Hindi-language romantic drama film written and directed by Victor Mukherjee.,"drama, romantic"
The Storyteller,2025,The Storyteller is a 2022 Indian Hindi-language drama film directed by Ananth Mahadevan and written by filmmaker Kireet Khurana.,drama
Deva,2025,"Deva is a 2025 Indian Hindi-language action thriller film directed by Rosshan Andrrews, and produced by Siddharth Roy Kapur under Roy Kapur Films.","action, thriller"
Loveyapa,2025,Loveyapa is a 2025 Indian Hindi-language romantic comedy film directed by Advait Chandan.,"comedy, romantic"
Badass Ravi Kumar,2025,Badass Ravi Kumar is a 2025 Indian Hindi-language musical action film directed by Keith Gomes in his feature film directorial debut and produced by Himesh Reshammiya Melodies.,"action, musical"
Mrs.,2025,Mrs. is a 2024 Indian Hindi-language drama film which is a remake of the 2021 Malayalam film The Great Indian Kitchen.,drama
The Mehta Boys,2025,The Mehta Boys is a 2025 Indian Hindi-language drama film about a troubled father-son relationship.,drama
Bobby Aur Rishi Ki Love Story,2025,Bobby Aur Rishi Ki Love Story is a 2025 Indian Hindi-language romantic comedy film directed by Kunal Kohli.,"comedy, romantic"
Chhaava,2025,"Chhaava (transl. Lion cub) is a 2025 Indian Hindi-language historical action film based on the life of Sambhaji Maharaj, the second ruler of the Maratha Empire, who is played by Vicky Kaushal.","action, historical"
Dhoom Dhaam,2025,Dhoom Dhaam (transl. Fanfare) is a 2025 Indian Hindi-language romantic action comedy film starring Yami Gautam Dhar and Pratik Gandhi.,"action, comedy, romantic"
Mere Husband Ki Biwi,2025,"Mere Husband Ki Biwi (transl. My husband's wife), is a 2025 Indian Hindi-language romantic comedy film written and directed by Mudassar Aziz and produced by Vashu Bhagnani, Jackky Bhagnani and Deepshikha Deshmukh under their banner Pooja Entertainment.","comedy, romantic"
Kaushaljis vs Kaushal,2025,Kaushaljis vs Kaushal is a 2025 Indian Hindi-language family drama film directed by Seemaa Desai.,"drama, family"
Shaila,2025,Shaila is a 2025 Indian Hindi-language romantic drama film directed by Saki Shah and produced by Riyom Films..,"drama, romantic"
Crazxy,2025,"Crazxy is a 2025 Indian Hindi-language thriller film written and directed by Girish Kohli in his directorial debut and produced by Sohum Shah, Mukesh Shah, Amita Shah and Adesh Prasad and co-produced by Ankit Jain under Sohum Shah Films.",thriller
Superboys of Malegaon,2025,Superboys of Malegaon is a 2024 Indian Hindi-language coming-of-age drama film directed by Reema Kagti and written by Varun Grover.,drama
Dil Dosti Aur Dogs,2025,No Wikipedia page available,Unknown
Nadaaniyan,2025,"Nadaaniyan (transl. Innocence) is a 2025 Indian Hindi-language teen romantic comedy film directed by Shauna Gautam (in her directorial debut) and produced by Karan Johar, Apoorva Mehta and Somen Mishra under Dharmatic Entertainment.","comedy, romantic"
The Diplomat,2025,The Diplomat is a 2025 Indian Hindi-language political thriller film directed by Shivam Nair and written by Ritesh Shah.,"thriller, political"
My Melbourne,2025,"My Melbourne is an anthology film featuring four stories about identity and belonging, inspired by true incidents in Melbourne, Australia.",anthology
Be Happy,2025,Be Happy is a 2025 Indian Hindi-language dance drama film written and directed by Remo D'Souza.,"drama, dance"
Inn Galiyon Mein,2025,"Inn Galiyon Mein (transl. In these alleys) is an upcoming Indian Hindi-language romantic comedy and crime drama and action thriller film directed by Avinash Das and produced by Neeru Yadav and Vinod Yadav under Yadunath Films and co produced by Sanjeevv Gosswami, Alcor Productions and Adarsh Saxena.","action, drama, comedy, thriller, romantic, crime"
Aachari Baa,2025,Aachari Baa is a 2025 Indian Hindi-language family drama film directed by Hardik Gajjar and produced by Jio Studios in association with Hardik Gajjar Films and Backbencher Pictures.,"drama, family"
Baida,2025,Baida is a 2025 Indian Hindi-language sci-fi supernatural thriller film directed by Puneet Sharma and written by Sudhanshu Rai.,"thriller, sci-fi"
Tumko Meri Kasam,2025,"Tumko Meri Kasam (transl. I swear to you) is an Indian Hindi-language drama film written and directed by Vikram Bhatt, inspired by the life of Dr. Ajay Murdia, the founder of Indira IVF.",drama
Pintu Ki Pappi,2025,Pintu Ki Pappi is a 2025 Indian Hindi-language romantic comedy film directed by Shiv Hare.,"comedy, romantic"
Sikandar,2025,Sikandar is a 2025 Indian Hindi-language action drama film written and directed by A.,"action, drama"
Jaat,2025,"Jaat is a 2025 Indian Hindi-language action thriller film written and directed by Gopichand Malineni (in his Hindi film debut), and produced by Mythri Movie Makers and People Media Factory.","action, thriller"
Chhorii 2,2025,"Chhorii 2 (transl. Girl 2) is a 2025 Indian Hindi-language horror film directed by Vishal Furia and produced by Bhushan Kumar, Krishan Kumar, Vikram Malhotra and Jack Davis.",horror
Kesari Chapter 2,2025,"Kesari Chapter 2: The Untold Story of Jallianwala Bagh is a 2025 Indian Hindi-language historical courtroom drama film directed by Karan Singh Tyagi and produced by Dharma Productions, Leo Media Collective, and Cape of Good Films.","drama, historical"
Logout,2025,"Logout is a 2025 Indian Hindi-language cyber thriller drama film starring Babil Khan, which is also a sharp critique on our dependence on smartphones.","drama, thriller"
Ground Zero,2025,"Ground Zero is a 2025 Indian Hindi-language action thriller film directed by Tejas Prabha Vijay Deoskar and produced by Ritesh Sidhwani and Farhan Akhtar, under Excel Entertainment.","action, thriller"
Jewel Thief – The Heist Begins,2025,Jewel Thief – The Heist Begins is a 2025 Indian Hindi-language heist action thriller film directed by Kookie Gulati and Robbie Grewal.,"action, thriller"
Phule,2025,Phule is a 2025 Indian Hindi-language Biographical film directed by Anant Mahadevan and produced by Dancing Shiva Films Kingsmen Productions Films and Zee Studios.,biographical
Oye Bhootni Ke,2025,No Wikipedia page available,Unknown
Raid 2,2025,Raid 2 is a 2025 Indian Hindi-language crime thriller film directed by Raj Kumar Gupta.,"thriller, crime"
The Bhootnii,2025,"The Bhootnii (transl. The Ghostess) a 2025 Indian Hindi-language comedy horror film written and directed by Sidhaant Sachdev, and produced by Deepak Mukut and Sanjay Dutt.","comedy, horror"
Costao,2025,Costao is a 2025 Indian Hindi-language biographical crime drama film directed by Sejal Shah.,"drama, biographical, crime"
Vikram Kochhar,2025,Vikram Kochhar is an Indian actor known for his roles in Indian television and Hindi cinema.,Unknown
Romeo S3,2025,Romeo S3 is a 2025 Hindi-language film directed by Guddu Dhanoa.,Unknown
Bhool Chuk Maaf,2025,"Bhool Chuk Maaf (transl. Forgive my mistakes) is a 2025 Indian Hindi-language fantasy romantic comedy film written and directed by Karan Sharma, and produced by Dinesh Vijan under Maddock Films, in association with Amazon MGM Studios.","comedy, romantic, fantasy"
Kapkapiii,2025,Kapkapiii is a 2025 Indian Hindi-language horror-comedy film directed by Sangeeth Sivan and produced by Jayesh Patel.,"comedy, horror"
Pune Highway,2025,"Pune Highway is a 2024 Indian Hindi-language thriller film directed by Bugs Bhargava Krishna and Rahul da Cunha, and produced by Rahul da Cunha and Seema Mohapatra.",thriller
Kesari Veer,2025,Kesari Veer is a 2025 Indian Hindi-language historical action film directed by Prince Dhiman.,"action, historical"
Chidiya,2025,Chidiya is a 2025 Hindi-language drama film directed by Mehran Amrohi and produced by Faqhrul Husaini under the banner of Smiley Films in association with Key Media Works.,drama
Interrogation,2025,Interrogation(Hindi: पूछताछ) is a 2025 Indian Hindi-language suspense thriller film directed by Ajoy Varma Raja.,thriller
Stolen,2025,"Stolen is a 2025 Indian Hindi-language social thriller film directed by Karan Tejpal, premiered on Amazon Prime Video on 4 June 2025.",thriller
Housefull 5,2025,"Housefull 5 is a 2025 Hindi-language Indian comedy thriller film co-written and directed by Tarun Mansukhani and produced by Sajid Nadiadwala, Warda Nadiadwala and Firuzi Khan under production banner Nadiadwala Grandson Entertainment.","comedy, thriller, war"
Sitaare Zameen Par,2025,"Sitaare Zameen Par (lit. 'Stars on Earth'), is an upcoming Indian Hindi-language sports comedy drama film directed by R.","drama, comedy, sports"
Kuberaa,2025,Kuberaa is an upcoming Indian social thriller film directed and co-written by Sekhar Kammula.,thriller
Detective Sherdil,2025,No Wikipedia page available,Unknown
Maa,2025,Maa (transl. Mother) is an upcoming Indian Hindi-language mythological horror film directed by Vishal Furia.,horror
Gyanvapi Files,2025,No Wikipedia page available,Unknown
Nikita Roy,2025,No Wikipedia page available,Unknown
Metro... In Dino,2025,"In Dino (transl. Metro... Nowadays) is an upcoming Indian Hindi-language comedy-drama film written and directed by Anurag Basu, and produced by T-Series Films and Anurag Basu Productions.","drama, comedy"
Maalik,2025,Maalik (transl. Boss) is an upcoming Indian Hindi-language gangster action thriller film directed by Pulkit and produced by Kumar Taurani and Jay Shewakramani.,"action, thriller"
Aankhon Ki Gustaakhiyan,2025,Aankhon Ki Gustaakhiyan (lit. transl. Eyes' Impudence) is an upcoming Indian Hindi-language romantic drama film directed by Santosh Singh and produced by Mansi Bagla and Varun Bagla under Zee Studios and Mini Films.,"drama, romantic"
Mohit Suri,2025,Mohit Suri (born 11 April 1981) is an Indian film director.,Unknown
Tanvi the Great,2025,Tanvi The Great is an upcoming Hindi-language drama film directed by Anupam Kher.,drama
Param Sundari,2025,Param Sundari (transl. Eternal beauty) is an upcoming Indian Hindi-language romantic comedy film directed by Tushar Jalota and produced by Dinesh Vijan under Maddock Films.,"comedy, romantic"
Dhadak 2,2025,"Dhadak 2 (lit. 'Heartbeat 2') is an upcoming Indian Hindi-language romantic drama film written and directed by Shazia Iqbal and produced by Dharma Productions, Zee Studios and Cloud 9 Pictures.","drama, romantic"
War 2,2025,"YRF Spy Universe is an Indian media franchise and shared universe centered on a series of spy action films, which feature various fictional RAW agents.",action
Vivek Agnihotri,2025,"Vivek Ranjan Agnihotri (born 10 November 1973) is an Indian director, producer, and writer who works in Hindi cinema.",Unknown
A. Harsha,2025,Harsha (born 24 August 1980) is an Indian film director and choreographer who works in Kannada cinema.,Unknown
Shashank Khaitan,2025,"Shashank Khaitan is an Indian film writer, director, actor and producer who works in Hindi films.",Unknown
Jolly LLB 3,2025,Jolly LLB 3 is an upcoming Indian Hindi-language black comedy legal drama film written and directed by Subhash Kapoor.,"drama, comedy"
Vikram Bhatt,2025,"Vikram Bhatt is an Indian director, producer, screenwriter and actor.",Unknown
Sriram Raghavan,2025,Sriram Raghavan (born 22 June 1963) is an Indian film director and screenwriter who works in Hindi cinema.,Unknown
Ek Deewane ki Deewaniyat,2025,No Wikipedia page available,Unknown
Aditya Sarpotdar,2025,Aditya Sarpotdar is an Indian director and costume designer best known for the 2015 film Classmates.,Unknown
Untitled film,2025,No Wikipedia page available,Unknown
De De Pyaar De 2,2025,De De Pyaar De (transl. Give me love) is a 2019 Indian Hindi-language romantic comedy film written by Luv Ranjan and directed by Akiv Ali in his directorial debut.,"comedy, romantic"
Farhan Akhtar,2025,"Farhan Akhtar (born 9 January 1974) is an Indian actor, filmmaker and singer who works in Hindi films.",Unknown
Aanand L. Rai,2025,"Rai (born 1970/1971) is an Indian film director and producer known for directing the romantic comedy-dramas Tanu Weds Manu (2011) and its sequel Tanu Weds Manu Returns (2015), and the romantic drama Raanjhanaa (2013), with the latter two earning him nominations for the Filmfare Award for Best Director..","drama, comedy, romantic, war"
Vishal Bhardwaj,2025,"Vishal Bhardwaj (born 4 August 1965) is an Indian filmmaker, music composer, and playback singer.",Unknown
Alia Bhatt,2025,Alia Bhatt (/ˈɑːliə ˈbʌt/; born 15 March 1993) is a British actress of Indian descent who predominantly works in Hindi films.,Unknown
Adivi Sesh,2025,"Adivi Sesh Sunny Chandra (born 17 December 1984) is an Indian actor, director and screenwriter who works in Telugu cinema.",Unknown
Maddock Films,2025,Maddock Films is an Indian film production company founded by Indian producer and director Dinesh Vijan in 2005.,Unknown
